condition,total,ambiguous,clear,ambig_rate_total
baseline,720,169,551,0.23472222222222222
aggressive,720,163,557,0.2263888888888889
successful,720,115,605,0.1597222222222222
friendly,720,100,620,0.1388888888888889
